Timestamp,High,Low,Weighted Price2013-02-25,30.4,29.55,30.072013-02-26,31.699,30.1171,31.012013-02-27,31.65,30.7901,31.222013-02-28,34.51541,30.902,32.692013-03-01,34.9,32.92,34.242013-03-02,34.808,33.15,33.872013-03-03,34.5,33.8,34.132013-03-04,36.7,34.19,35.472013-03-05,40.64625,36.15,39.352013-03-06,49.099,40.1446,45.182013-03-07,45.5,33.3,40.932013-03-08,44.5,41.02,43.162013-03-09,46.99,43.411,45.442013-03-10,47.95,45.471,46.842013-03-11,48.469,45.54,47.622013-03-12,48.39999,36.65,43.72013-03-13,47.295,43.7508,46.412013-03-14,47.99,46.05,47.312013-03-15,47.44999,46.4,47.032013-03-16,47.3599,46.2707,46.862013-03-17,47.74,46.8,47.42013-03-18,52.875,47.12009,48.982013-03-19,62,50,55.392013-03-20,66,57.702,62.022013-03-21,74.9,63.101,69.072013-03-22,73.74999,65,70.652013-03-23,70.5025,52.3456,62.672013-03-24,72.49999,62.7,68.922013-03-25,78,69.51777,74.252013-03-26,79.72001,73.11,77.252013-03-27,89.49999,78.4,84.872013-03-28,95.7,75.00111,87.412013-03-29,93.06,83.01,88.782013-03-30,94.98,87,91.722013-03-31,93.8,91,92.72013-04-01,106,92.2361,100.042013-04-02,118.36,99,107.612013-04-03,147,110,127.892013-04-04,142.12,116.39063,131.612013-04-05,144.94,130.24303,139.222013-04-06,143.9,139.54,142.162013-04-07,164.9,142.63113,154.262013-04-08,194.9,162.59806,181.492013-04-09,240.111,186.5,214.672013-04-10,266,105,184.652013-04-11,188.7,110.20003,158.932013-04-12,140,54.25,85.572013-04-13,130,85.5,110.212013-04-14,109.998,84.43689,97.412013-04-15,102,71.51,87.072013-04-16,84.5,50.01,65.332013-04-17,98.77799,63.3,85.272013-04-18,112.99999,86,97.382013-04-19,136.4321,105.54,119.432013-04-20,132,115,124.022013-04-21,130.49979,110,121.52013-04-22,127.39999,118.5,123.232013-04-23,144.019,124.97,134.632013-04-24,166.43438,140.96635,152.072013-04-25,162,120.089,143.072013-04-26,144.987,121.45164,132.252013-04-27,139.88,122.71,131.182013-04-28,136.68,127.5,133.172013-04-29,149.08,133,142.252013-04-30,146.93,134,139.872013-05-01,140.06,104,121.052013-05-02,126.9,91.11,106.492013-05-03,109,79,91.32013-05-04,116.3,92,106.672013-05-05,118.85,107,113.52013-05-06,124.9,106.01,117.322013-05-07,114,97.52,106.712013-05-08,116.777,109.5,113.332013-05-09,113.71852,108.8,111.662013-05-10,122.5,111.54,118.032013-05-11,118.74,113,115.552013-05-12,117.47,112.4,114.62013-05-13,118.88,114.5002,117.022013-05-14,119.80002,109.42198,114.852013-05-15,116.44,103.01847,110.252013-05-16,118.96999,112.1,115.442013-05-17,125.5555,116.5712,121.432013-05-18,125.31189,122.25,123.822013-05-19,124.50101,119.5,121.872013-05-20,123.69,120.1,122.312013-05-21,123.08085,121.1,122.282013-05-22,124.5,122,1232013-05-23,126.93446,123,125.332013-05-24,133.98,125.35502,129.852013-05-25,133.5,128.2,130.872013-05-26,136,130.61,134.022013-05-27,135.47,124,129.342013-05-28,130.62998,125.4,127.982013-05-29,132.71988,127.6,130.372013-05-30,132.4,126.5,129.412013-05-31,130,126.33,128.152013-06-01,129.78999,127.10001,128.412013-06-02,130.1,115,121.962013-06-03,122.78483,115.111,119.012013-06-04,123.99,118.78525,121.072013-06-05,123.5,119.5,121.462013-06-06,123.29999,117,119.682013-06-07,119.13333,106.15,112.082013-06-08,113.1862,107,108.812013-06-09,108.99,88,98.012013-06-10,110.63051,95,105.492013-06-11,109.6,103.23021,106.982013-06-12,112.25,106,109.272013-06-13,110.3,100.3,105.242013-06-14,104.7,97.1,100.642013-06-15,103.7,97.5,100.452013-06-16,101.7499,98.90017,99.932013-06-17,102.4,98.9,100.932013-06-18,113.3,101.03311,107.42013-06-19,110.9863,104.6603,107.872013-06-20,114.48,107.12222,111.262013-06-21,115.005,107.56,111.342013-06-22,109.95653,107.5111,108.532013-06-23,109,106.19675,107.492013-06-24,108.334,100.761,103.292013-06-25,109.98,100,104.152013-06-26,105.4899,101.8322,104.112013-06-27,104,100.055,102.082013-06-28,101.78799,92.25,96.812013-06-29,100.4398,93,96.692013-06-30,98.12228,93.85,96.842013-07-01,98.1801,86.011,91.242013-07-02,92.57,87.51,90.032013-07-03,91.2,76,83.182013-07-04,84.27001,72,78.292013-07-05,80.60299,65.42448,71.112013-07-06,74.99997,66.8119,70.262013-07-07,77,66.60001,70.772013-07-08,80,72.46,76.962013-07-09,78.3,72.51,75.652013-07-10,89.84,75.53,82.42013-07-11,90.7,85.00001,87.522013-07-12,104.17188,88,96.432013-07-13,98.32,87.76404,93.012013-07-14,99,92.86,95.882013-07-15,101.94,93.11,98.652013-07-16,100.7319,96,98.152013-07-17,100,96.18,98.442013-07-18,98.8,86.2,90.942013-07-19,95.2001,87.6,91.792013-07-20,93.10072,89.27,91.492013-07-21,92,88,89.312013-07-22,92,89.8,91.452013-07-23,97.13124,91.60001,94.642013-07-24,95.99,92.3,94.312013-07-25,97.4767,93.57,96.312013-07-26,97.476,96,96.292013-07-27,97,93,94.52013-07-28,100.5771,94,98.472013-07-29,102.85,98.45,100.812013-07-30,107.99,100.47,103.812013-07-31,111.65202,103.55,108.032013-08-01,108,103,105.292013-08-02,108,101.21111,105.072013-08-03,105.8852,102,103.82013-08-04,106,103.50108,104.862013-08-05,107.77,105,106.412013-08-06,107.5,105.11111,106.342013-08-07,106.96,105.22,106.012013-08-08,106.65,100.95969,103.262013-08-09,105.78999,101.935,103.212013-08-10,103.89999,102.38001,103.082013-08-11,105.19,102.7,104.272013-08-12,108.121,103.5,106.092013-08-13,109.64,104.5,107.382013-08-14,115,108,112.692013-08-15,113.321,108.78,111.082013-08-16,112.3,108.21,109.712013-08-17,114,108.225,112.012013-08-18,114.69,112,113.662013-08-19,123.74518,111.771,118.42013-08-20,123.01111,116.817,120.782013-08-21,125,119.68162,122.832013-08-22,124.49,120.54,122.042013-08-23,122,118.444,119.612013-08-24,121.39,118.02,119.662013-08-25,122.99,119.14,121.72013-08-26,122.96996,119.91611,121.292013-08-27,133,120,127.862013-08-28,131.72442,128.02,129.712013-08-29,131.2,128.18,129.072013-08-30,142.76173,128.56,136.272013-08-31,148.7,135.89,143.042013-09-01,147.29,141,144.462013-09-02,148.5,142.11,145.142013-09-03,148.90893,142.2,145.232013-09-04,145.8,130.08998,137.222013-09-05,137.97,127.24164,131.92013-09-06,133.99999,121.9,127.012013-09-07,131.02499,121.25,126.292013-09-08,129.86999,124.06,125.992013-09-09,137.48007,124,131.82013-09-10,136.02,131.375,133.662013-09-11,145.9,127.5,137.422013-09-12,145.51679,137.51,140.822013-09-13,145.60414,137.82,142.982013-09-14,142,136.5,139.072013-09-15,141,135.04,137.552013-09-16,142.23,137.9,139.822013-09-17,141.37,138,139.442013-09-18,142,139.01001,140.242013-09-19,141.2,131.14,136.342013-09-20,137.28,131,134.512013-09-21,135.99,132,133.832013-09-22,135,131,132.772013-09-23,135,132,133.552013-09-24,136.59141,132.5,134.52013-09-25,138,134.7,136.222013-09-26,139,134.71,136.462013-09-27,142.66,134.82811,138.752013-09-28,143,138.02021,140.732013-09-29,145.81,141.36005,144.322013-09-30,145.81,138.12,142.142013-10-01,144.44,139.41,141.662013-10-02,141.92999,109.7,124.762013-10-03,132,120.1,127.352013-10-04,139.8,128.5,134.822013-10-05,138,135.3,136.482013-10-06,138,134.1,136.052013-10-07,139,135.12,137.172013-10-08,137.79499,135.66,136.682013-10-09,142.1,135.8,139.282013-10-10,141.69,138.51,140.592013-10-11,141.85,138.87001,140.632013-10-12,143.0571,139.4,141.632013-10-13,147.65,141.50021,144.862013-10-14,153.69902,146.03267,150.572013-10-15,158.1,150.628,154.332013-10-16,163,144.20004,155.312013-10-17,159.95,150.75471,155.762013-10-18,168.3,156.5,163.372013-10-19,195.83267,167.1,181.082013-10-20,186.12,177.25,182.92013-10-21,197.39005,183.2,191.652013-10-22,205.5,192.795,199.752013-10-23,228,200.75,213.882013-10-24,233.4,175.30001,203.072013-10-25,209,176.60399,188.572013-10-26,198.42679,187,192.12013-10-27,207.9,189,199.822013-10-28,209.79,200.42,206.422013-10-29,216.5,204.20001,211.272013-10-30,216.5,204,210.992013-10-31,215,205.43565,211.932013-11-01,215,209.76,212.872013-11-02,214.87996,211.02,213.042013-11-03,226.959,212.105,219.522013-11-04,239.02,222,230.532013-11-05,258.87626,229,245.832013-11-06,272.52,251.4134,263.032013-11-07,324.198,263.60001,296.952013-11-08,358,308.01001,337.792013-11-09,395,340,369.372013-11-10,372.5,290,326.252013-11-11,376,321.41,351.72013-11-12,391.52574,359.02,377.442013-11-13,445,372.183,410.512013-11-14,447.49999,402.54,428.442013-11-15,458,413.05,436.342013-11-16,477,428.01172,456.92013-11-17,536.777,457,499.542013-11-18,788,522,631.042013-11-19,900.97998,502.6212,697.192013-11-20,650,453.29,553.632013-11-21,784.4444,595.21,700.392013-11-22,821.999,682.3,752.22013-11-23,889.99999,799.60484,840.432013-11-24,855,745.2,800.432013-11-25,850,758.95852,812.212013-11-26,975,825.1,894.892013-11-27,1094.794,914.31556,1000.42013-11-28,1224.59998,1032.15,1148.112013-11-29,1242,1050,1163.492013-11-30,1233,1150.25,1209.942013-12-01,1216.9,840.32,1041.542013-12-02,1117.79999,975,1059.162013-12-03,1185.77338,1065,1131.452013-12-04,1240,1131.72718,1192.752013-12-05,1240,870.001,1065.912013-12-06,1118.989,800,948.052013-12-07,895.89,576,723.942013-12-08,829,653.0001,738.172013-12-09,980.17661,787.75,888.072013-12-10,1067.99999,912,983.132013-12-11,1056.9,856.123,946.22013-12-12,941,839.5,886.342013-12-13,990,882.15864,931.062013-12-14,948,875.13535,908.192013-12-15,928,838.0201,876.872013-12-16,925,714.11,796.072013-12-17,780,678.8904,722.72013-12-18,717.015,455,565.512013-12-19,746,522.44,654.752013-12-20,774.47,621.25001,698.392013-12-21,689.99,610,647.892013-12-22,700,615,661.142013-12-23,725,631.00001,677.312013-12-24,729.99174,666.01,698.732013-12-25,710,674,696.192013-12-26,829.8,707.3,774.12013-12-27,837,768,798.442013-12-28,806,715.6,758.732013-12-29,804,735,773.812013-12-30,818.888,781,803.252013-12-31,813.99999,777,796.362014-01-01,830,771,805.332014-01-02,886.31309,810.5601,846.222014-01-03,888.8,840,867.422014-01-04,932.37989,848.47873,898.82014-01-05,1029.98765,911.58,9732014-01-06,1093.68199,965,1024.762014-01-07,1044.2,880,960.72014-01-08,966.9963,859,919.572014-01-09,964.69663,866.58247,917.282014-01-10,964.99,906,934.112014-01-11,1011,935.13,980.462014-01-12,1022.99,922.3,969.062014-01-13,949.47573,880.11,911.932014-01-14,943,905,923.042014-01-15,973.2,915.15,948.182014-01-16,956.06,911.01001,928.782014-01-17,930,867.43,894.832014-01-18,925,885,911.712014-01-19,958.24,902.01,934.252014-01-20,980.59324,926,959.512014-01-21,974.4,943.32,962.882014-01-22,974,935,949.182014-01-23,958.99999,937.12135,948.232014-01-24,950,903.4,921.662014-01-25,978.6,916.01,957.252014-01-26,1038.15894,950.73,999.482014-01-27,1022,937.67,972.632014-01-28,973,912.02001,941.522014-01-29,950.99999,919.3,930.42014-01-30,953.97898,910.11,932.022014-01-31,955.183,925,943.232014-02-01,969.3999,928,949.392014-02-02,960,935.0001,945.562014-02-03,960,932.05,942.262014-02-04,949.457,901.0321,928.42014-02-05,939.93,890.1731,911.772014-02-06,909,801,845.672014-02-07,833.14499,651.70976,729.092014-02-08,719.24999,632.01101,675.482014-02-09,693.99999,622.4189,659.052014-02-10,700,500,604.782014-02-11,609.4949,550,570.852014-02-12,585,511.77,542.382014-02-13,549,451.1,494.682014-02-14,499.89,302,379.152014-02-15,447.87999,310,359.782014-02-16,540,220.29327,304.222014-02-17,411,263.101,319.372014-02-18,370,248.14826,285.422014-02-19,308.49,257.10001,268.032014-02-20,271.43,109,160.232014-02-21,160,91.5,119.342014-02-22,290.52557,96.6345,161.882014-02-23,348.98,220.1,287.842014-02-24,316.78999,131.72093,185.962014-02-25,173.84343,101.62872,122.73